Date,Description,Amount
2024-01-01,Starbucks Coffee,5.50
2024-01-02,Shell Gas Station,45.00
2024-01-03,Amazon Purchase,89.99
2024-01-04,Whole Foods Market,125.50
2024-01-05,Netflix Subscription,15.99
2024-01-06,Uber Ride,18.50
2024-01-07,McDonald's,12.99
2024-01-08,CVS Pharmacy,34.50
2024-01-09,Electric Bill Payment,150.00
2024-01-10,Target Shopping,67.89
2024-01-11,Coffee Shop,6.75
2024-01-12,Gas Station,52.30
2024-01-13,Restaurant Dinner,85.00
2024-01-14,Grocery Store,98.45
2024-01-15,Spotify Premium,9.99
2024-01-16,Lyft Ride,22.00
2024-01-17,Pizza Delivery,28.99
2024-01-18,Walgreens,19.99
2024-01-19,Internet Bill,79.99
2024-01-20,Nike Store,120.00
2024-01-21,Movie Theater,35.00
2024-01-22,Trader Joe's,87.50
2024-01-23,Chipotle,14.50
2024-01-24,Parking Fee,15.00
2024-01-25,Amazon Order,45.99
2024-01-26,Costco,234.50
2024-01-27,Dental Checkup,150.00
2024-01-28,Subway Sandwich,9.99
2024-01-29,Water Bill,45.00
2024-01-30,H&M Clothing,78.50
